,PlayerID,Player,Position,Team,Age,Games Played,Goals,Assists,Points
1,8476453.0,Nikita Kucherov,R,TBL,30,81.0,44.0,100.0,144.0
2,8477492.0,Nathan MacKinnon,C,COL,28,82.0,51.0,89.0,140.0
3,8478402.0,Connor McDavid,C,EDM,26,76.0,32.0,100.0,132.0
4,8478550.0,Artemi Panarin,L,NYR,32,82.0,49.0,71.0,120.0
5,8477956.0,David Pastrnak,R,BOS,27,82.0,47.0,63.0,110.0
6,8479318.0,Auston Matthews,C,TOR,26,81.0,69.0,38.0,107.0
7,8477934.0,Leon Draisaitl,C,EDM,28,81.0,41.0,65.0,106.0
8,8478420.0,Mikko Rantanen,R,COL,27,80.0,42.0,62.0,104.0
9,8476468.0,J.T. Miller,C,VAN,30,81.0,37.0,66.0,103.0
10,8477939.0,William Nylander,R,TOR,27,82.0,40.0,58.0,98.0
11,8478864.0,Kirill Kaprizov,L,MIN,26,75.0,46.0,50.0,96.0
12,8477933.0,Sam Reinhart,C,FLA,28,82.0,57.0,37.0,94.0
13,8476887.0,Filip Forsberg,L,NSH,29,82.0,48.0,46.0,94.0
14,8471675.0,Sidney Crosby,C,PIT,36,82.0,42.0,52.0,94.0
15,8480800.0,Quinn Hughes,D,VAN,24,82.0,17.0,75.0,92.0
16,8478010.0,Brayden Point,C,TBL,27,81.0,46.0,44.0,90.0
17,8480069.0,Cale Makar,D,COL,25,77.0,21.0,69.0,90.0
18,8478427.0,Sebastian Aho,C,CAR,26,78.0,36.0,53.0,89.0
19,8480012.0,Elias Pettersson,C,VAN,25,82.0,34.0,55.0,89.0
20,8479314.0,Matthew Tkachuk,L,FLA,26,80.0,26.0,62.0,88.0
21,8480023.0,Robert Thomas,C,STL,24,82.0,26.0,60.0,86.0
22,8474600.0,Roman Josi,D,NSH,33,82.0,23.0,62.0,85.0
23,8479407.0,Jesper Bratt,L,NJD,25,82.0,27.0,56.0,83.0
24,8480803.0,Evan Bouchard,D,EDM,24,81.0,18.0,64.0,82.0
25,8474564.0,Steven Stamkos,C,TBL,33,79.0,40.0,41.0,81.0
26,8480027.0,Jason Robertson,L,DAL,24,82.0,29.0,51.0,80.0
27,8477493.0,Aleksander Barkov,C,FLA,28,73.0,23.0,57.0,80.0
28,8478445.0,Mathew Barzal,C,NYI,26,80.0,23.0,57.0,80.0
29,8475786.0,Zach Hyman,L,EDM,31,80.0,54.0,23.0,77.0
30,8480018.0,Nick Suzuki,C,MTL,24,82.0,33.0,44.0,77.0
31,8477404.0,Jake Guentzel,L,PIT,29,67.0,30.0,47.0,77.0
32,8476389.0,Vincent Trocheck,C,NYR,30,82.0,25.0,52.0,77.0
33,8479343.0,Clayton Keller,R,ARI,25,78.0,33.0,43.0,76.0
34,8475167.0,Victor Hedman,D,TBL,33,78.0,13.0,63.0,76.0
35,8475184.0,Chris Kreider,L,NYR,32,82.0,39.0,36.0,75.0
36,8475172.0,Nazem Kadri,C,CGY,33,82.0,29.0,46.0,75.0
37,8477960.0,Adrian Kempe,R,LAK,27,77.0,28.0,47.0,75.0
38,8479542.0,Brandon Hagel,L,TBL,25,82.0,26.0,49.0,75.0
39,8474679.0,Gustav Nyquist,C,NSH,34,81.0,23.0,52.0,75.0
40,8480801.0,Brady Tkachuk,L,OTT,24,81.0,37.0,37.0,74.0
41,8481559.0,Jack Hughes,C,NJD,22,62.0,27.0,47.0,74.0
42,8478444.0,Brock Boeser,R,VAN,26,81.0,40.0,33.0,73.0
43,8477942.0,Kevin Fiala,L,LAK,27,82.0,29.0,44.0,73.0
44,8479323.0,Adam Fox,D,NYR,25,72.0,17.0,56.0,73.0
45,8477409.0,Carter Verhaeghe,C,FLA,28,76.0,34.0,38.0,72.0
46,8482078.0,Lucas Raymond,L,DET,21,82.0,31.0,41.0,72.0
47,8476459.0,Mika Zibanejad,C,NYR,30,81.0,26.0,46.0,72.0
48,8476460.0,Mark Scheifele,C,WPG,30,74.0,25.0,47.0,72.0
49,8471685.0,Anze Kopitar,C,LAK,36,81.0,26.0,44.0,70.0
50,8482116.0,Tim Stützle,C,OTT,21,75.0,18.0,52.0,70.0
51,8480865.0,Noah Dobson,D,NYI,23,79.0,10.0,60.0,70.0
52,8476539.0,Jonathan Marchessault,R,VGK,33,82.0,42.0,27.0,69.0
53,8475754.0,Brock Nelson,C,NYI,32,82.0,34.0,35.0,69.0
54,8477946.0,Dylan Larkin,C,DET,27,68.0,33.0,36.0,69.0
55,8475158.0,Ryan O'Reilly,C,NSH,32,82.0,26.0,43.0,69.0
56,8477504.0,Josh Morrissey,D,WPG,28,81.0,10.0,59.0,69.0
57,8477500.0,Bo Horvat,C,NYI,28,81.0,33.0,35.0,68.0
58,8478439.0,Travis Konecny,R,PHI,26,76.0,33.0,35.0,68.0
59,8478403.0,Jack Eichel,C,VGK,27,63.0,31.0,37.0,68.0
60,8481557.0,Matt Boldy,L,MIN,22,75.0,29.0,39.0,68.0
61,8482093.0,Seth Jarvis,C,CAR,21,81.0,33.0,34.0,67.0
62,8479385.0,Jordan Kyrou,C,STL,25,82.0,31.0,36.0,67.0
63,8473419.0,Brad Marchand,L,BOS,35,82.0,29.0,38.0,67.0
64,8470794.0,Joe Pavelski,C,DAL,39,82.0,27.0,40.0,67.0
65,8471215.0,Evgeni Malkin,C,PIT,37,82.0,27.0,40.0,67.0
66,8478440.0,Dylan Strome,C,WSH,26,82.0,27.0,40.0,67.0
67,8479337.0,Alex DeBrincat,R,DET,26,82.0,27.0,40.0,67.0
68,8480002.0,Nico Hischier,C,NJD,24,71.0,27.0,40.0,67.0
69,8476454.0,Ryan Nugent-Hopkins,C,EDM,30,80.0,18.0,49.0,67.0
70,8480208.0,Drake Batherson,R,OTT,25,82.0,28.0,38.0,66.0
71,8482740.0,Wyatt Johnston,C,DAL,20,82.0,32.0,33.0,65.0
72,8471214.0,Alex Ovechkin,L,WSH,38,79.0,31.0,34.0,65.0
73,8478449.0,Roope Hintz,C,DAL,27,80.0,30.0,35.0,65.0
74,8475166.0,John Tavares,C,TOR,33,80.0,29.0,36.0,65.0
75,8481540.0,Cole Caufield,R,MTL,22,82.0,28.0,37.0,65.0
76,8475168.0,Matt Duchene,C,DAL,32,80.0,25.0,40.0,65.0
77,8478493.0,Joel Eriksson Ek,C,MIN,26,77.0,30.0,34.0,64.0
78,8473512.0,Claude Giroux,R,OTT,35,82.0,21.0,43.0,64.0
79,8477402.0,Pavel Buchnevich,L,STL,28,80.0,27.0,36.0,63.0
80,8475692.0,Mats Zuccarello,R,MIN,36,69.0,12.0,51.0,63.0
81,8477955.0,Jared McCann,L,SEA,27,80.0,29.0,33.0,62.0
82,8476875.0,Mike Matheson,D,MTL,29,82.0,11.0,51.0,62.0
83,8478398.0,Kyle Connor,L,WPG,27,65.0,34.0,27.0,61.0
84,8477940.0,Nikolaj Ehlers,L,WPG,27,82.0,25.0,36.0,61.0
85,8477951.0,Nick Schmaltz,C,ARI,27,79.0,22.0,39.0,61.0
86,8478366.0,Frank Vatrano,R,ANA,29,82.0,37.0,23.0,60.0
87,8476448.0,William Karlsson,C,VGK,30,70.0,30.0,30.0,60.0
88,8475745.0,Charlie Coyle,C,BOS,31,82.0,25.0,35.0,60.0
89,8473994.0,Jamie Benn,L,DAL,34,82.0,21.0,39.0,60.0
90,8475798.0,Mikael Granlund,C,SJS,31,69.0,12.0,48.0,60.0
91,8476346.0,Johnny Gaudreau,L,CBJ,30,81.0,12.0,48.0,60.0
92,8481068.0,Yegor Sharangovich,C,CGY,25,82.0,31.0,28.0,59.0
93,8477497.0,Sean Monahan,C,WPG,29,83.0,26.0,33.0,59.0
94,8477949.0,Alex Tuch,R,BUF,27,75.0,22.0,37.0,59.0
95,8478401.0,Pavel Zacha,C,BOS,26,78.0,21.0,38.0,59.0
96,8477416.0,Oliver Bjorkstrand,R,SEA,28,82.0,20.0,39.0,59.0
97,8480839.0,Rasmus Dahlin,D,BUF,23,81.0,20.0,39.0,59.0
98,8476853.0,Morgan Rielly,D,TOR,29,72.0,7.0,51.0,58.0
99,8479675.0,Trevor Moore,L,LAK,28,82.0,31.0,26.0,57.0
100,8482109.0,Alexis Lafrenière,L,NYR,22,82.0,28.0,29.0,57.0
101,8479999.0,Casey Mittelstadt,C,BUF,25,80.0,18.0,39.0,57.0
102,8481711.0,Matias Maccelli,L,ARI,23,82.0,17.0,40.0,57.0
103,8478460.0,Zach Werenski,D,CBJ,26,70.0,11.0,46.0,57.0
104,8479420.0,Tage Thompson,C,BUF,26,71.0,29.0,27.0,56.0
105,8475810.0,Bryan Rust,R,PIT,31,62.0,28.0,28.0,56.0
106,8477494.0,Jonathan Drouin,L,COL,28,79.0,19.0,37.0,56.0
107,8474578.0,Erik Karlsson,D,PIT,33,82.0,11.0,45.0,56.0
108,8476906.0,Shayne Gostisbehere,D,DET,30,81.0,10.0,46.0,56.0
109,8475726.0,Tyler Toffoli,R,NJD,31,79.0,33.0,22.0,55.0
110,8475765.0,Vladimir Tarasenko,R,OTT,32,76.0,23.0,32.0,55.0
111,8482124.0,Quinton Byfield,R,LAK,21,80.0,20.0,35.0,55.0
112,8478047.0,Michael Bunting,L,CAR,28,81.0,19.0,36.0,55.0
113,8475151.0,Kyle Palmieri,C,NYI,32,82.0,30.0,24.0,54.0
114,8476399.0,Blake Coleman,C,CGY,32,78.0,30.0,24.0,54.0
115,8478873.0,Troy Terry,R,ANA,26,76.0,20.0,34.0,54.0
116,8480798.0,Philipp Kurashev,C,CHI,24,75.0,18.0,36.0,54.0
117,8480036.0,Miro Heiskanen,D,DAL,24,71.0,9.0,45.0,54.0
118,8477501.0,Valeri Nichushkin,R,COL,28,54.0,28.0,25.0,53.0
119,8480015.0,Owen Tippett,R,PHI,24,78.0,28.0,25.0,53.0
120,8476882.0,Teuvo Teravainen,L,CAR,29,76.0,25.0,28.0,53.0
121,8480039.0,Martin Necas,C,CAR,24,77.0,24.0,29.0,53.0
122,8478975.0,Mason Marchment,L,DAL,28,81.0,22.0,31.0,53.0
123,8475913.0,Mark Stone,R,VGK,31,56.0,16.0,37.0,53.0
124,8478414.0,Timo Meier,R,NJD,27,69.0,28.0,24.0,52.0
125,8475794.0,Tyler Seguin,C,DAL,31,68.0,25.0,27.0,52.0
126,8477346.0,MacKenzie Weegar,D,CGY,29,82.0,20.0,32.0,52.0
127,8480830.0,Andrei Svechnikov,R,CAR,23,59.0,19.0,33.0,52.0
128,8476456.0,Jonathan Huberdeau,C,CGY,30,81.0,12.0,40.0,52.0
129,8474590.0,John Carlson,D,WSH,33,82.0,10.0,42.0,52.0
130,8474641.0,Adam Henrique,C,ANA,33,82.0,24.0,27.0,51.0
131,8476905.0,Chandler Stephenson,C,VGK,29,75.0,16.0,35.0,51.0
132,8471724.0,Kris Letang,D,PIT,36,82.0,10.0,41.0,51.0
133,8482175.0,JJ Peterka,R,BUF,21,82.0,28.0,22.0,50.0
134,8480797.0,Joel Farabee,L,PHI,23,82.0,22.0,28.0,50.0
135,8483515.0,Juraj Slafkovsky,L,MTL,19,82.0,20.0,30.0,50.0
136,8474563.0,Drew Doughty,D,LAK,34,82.0,15.0,35.0,50.0
137,8478038.0,Devon Toews,D,COL,29,82.0,12.0,38.0,50.0
138,8477456.0,J.T. Compher,L,DET,28,77.0,19.0,29.0,48.0
139,8479425.0,Filip Hronek,D,VAN,26,81.0,5.0,43.0,48.0
140,8474141.0,Patrick Kane,R,DET,35,50.0,20.0,27.0,47.0
141,8478856.0,Conor Garland,R,VAN,27,82.0,20.0,27.0,47.0
142,8481528.0,Dylan Cozens,C,BUF,22,79.0,18.0,29.0,47.0
143,8474102.0,David Perron,L,DET,35,76.0,17.0,30.0,47.0
144,8476479.0,Phillip Danault,C,LAK,30,78.0,17.0,30.0,47.0
145,8481581.0,Thomas Harley,D,DAL,22,79.0,15.0,32.0,47.0
146,8476869.0,Brady Skjei,D,CAR,29,80.0,13.0,34.0,47.0
147,8478396.0,Noah Hanifin,D,CGY,26,80.0,13.0,34.0,47.0
148,8479325.0,Charlie McAvoy,D,BOS,26,74.0,12.0,35.0,47.0
149,8477503.0,Max Domi,C,TOR,28,80.0,9.0,38.0,47.0
150,8482684.0,Luke Hughes,D,NJD,20,82.0,9.0,38.0,47.0
151,8482122.0,Brock Faber,D,MIN,21,82.0,8.0,39.0,47.0
152,8475784.0,Jeff Skinner,L,BUF,31,74.0,24.0,22.0,46.0
153,8477426.0,Nicholas Paul,L,TBL,28,82.0,24.0,22.0,46.0
154,8483808.0,Andrei Kuzmenko,L,CGY,27,72.0,22.0,24.0,46.0
155,8475170.0,Brayden Schenn,C,STL,32,82.0,20.0,26.0,46.0
156,8478407.0,Vince Dunn,D,SEA,27,59.0,11.0,35.0,46.0
157,8475760.0,Nick Bjugstad,C,ARI,31,76.0,22.0,23.0,45.0
158,8477451.0,Ryan Hartman,R,MIN,29,74.0,21.0,24.0,45.0
159,8478519.0,Anthony Cirelli,C,TBL,26,79.0,20.0,25.0,45.0
160,8477964.0,Ivan Barbashev,C,VGK,28,82.0,19.0,26.0,45.0
161,8478438.0,Tommy Novak,C,NSH,26,71.0,18.0,27.0,45.0
162,8482667.0,William Eklund,L,SJS,21,80.0,16.0,29.0,45.0
163,8477021.0,Alex Kerfoot,C,ARI,29,82.0,13.0,32.0,45.0
164,8475218.0,Mattias Ekholm,D,EDM,33,79.0,11.0,34.0,45.0
165,8475169.0,Evander Kane,L,EDM,32,77.0,24.0,20.0,44.0
166,8480188.0,Fabian Zetterlund,L,SJS,24,82.0,24.0,20.0,44.0
167,8477511.0,Anthony Mantha,R,WSH,29,74.0,23.0,21.0,44.0
168,8474586.0,Jordan Eberle,R,SEA,33,78.0,17.0,27.0,44.0
169,8477496.0,Elias Lindholm,C,VAN,29,75.0,15.0,29.0,44.0
170,8477948.0,Travis Sanheim,D,PHI,27,81.0,10.0,34.0,44.0
171,8477479.0,Tyler Bertuzzi,L,TOR,28,80.0,21.0,22.0,43.0
172,8478466.0,Daniel Sprong,R,DET,26,76.0,18.0,25.0,43.0
173,8470613.0,Brent Burns,D,CAR,38,82.0,10.0,33.0,43.0
174,8476438.0,Brandon Saad,L,STL,31,82.0,26.0,16.0,42.0
175,8477407.0,Anthony Duclair,L,SJS,28,73.0,24.0,18.0,42.0
176,8478474.0,Lawson Crouse,L,ARI,26,81.0,23.0,19.0,42.0
177,8480893.0,Kirill Marchenko,R,CBJ,23,78.0,23.0,19.0,42.0
178,8482745.0,Mason McTavish,C,ANA,20,64.0,19.0,23.0,42.0
179,8481542.0,Moritz Seider,D,DET,22,82.0,9.0,33.0,42.0
180,8477447.0,Shea Theodore,D,VGK,28,47.0,5.0,37.0,42.0
181,8477935.0,Sam Bennett,C,FLA,27,69.0,20.0,21.0,41.0
182,8477998.0,Warren Foegele,L,EDM,27,82.0,20.0,21.0,41.0
183,8480009.0,Eeli Tolvanen,R,SEA,24,81.0,16.0,25.0,41.0
184,8479345.0,Jakob Chychrun,D,OTT,25,82.0,14.0,27.0,41.0
185,8478462.0,Nicolas Roy,C,VGK,26,70.0,13.0,28.0,41.0
186,8480028.0,Morgan Frost,C,PHI,24,71.0,13.0,28.0,41.0
187,8476458.0,Ryan Strome,C,ANA,30,79.0,11.0,30.0,41.0
188,8480434.0,Sean Durzi,D,ARI,25,76.0,9.0,32.0,41.0
189,8482079.0,Marco Rossi,C,MIN,22,82.0,21.0,19.0,40.0
190,8478498.0,Jake DeBrusk,L,BOS,27,80.0,19.0,21.0,40.0
191,8479365.0,Trent Frederic,C,BOS,25,82.0,18.0,22.0,40.0
192,8479525.0,Ross Colton,C,COL,27,80.0,17.0,23.0,40.0
193,8479400.0,Pierre-Luc Dubois,C,LAK,25,82.0,16.0,24.0,40.0
194,8478233.0,Andrew Mangiapane,L,CGY,27,75.0,14.0,26.0,40.0
195,8475191.0,Reilly Smith,R,PIT,32,76.0,13.0,27.0,40.0
196,8479987.0,Morgan Geekie,C,BOS,25,76.0,17.0,22.0,39.0
197,8482146.0,Luke Evangelista,R,NSH,21,80.0,16.0,23.0,39.0
198,8474150.0,Mikael Backlund,C,CGY,34,82.0,15.0,24.0,39.0
199,8476872.0,Scott Laughton,C,PHI,29,82.0,13.0,26.0,39.0
200,8478542.0,Evan Rodrigues,C,FLA,30,80.0,12.0,27.0,39.0
201,8478055.0,Gustav Forsling,D,FLA,27,79.0,10.0,29.0,39.0
202,8478397.0,Rasmus Andersson,D,CGY,27,78.0,9.0,30.0,39.0
203,8475764.0,Cam Fowler,D,ANA,32,81.0,5.0,34.0,39.0
204,8476792.0,Torey Krug,D,STL,32,77.0,4.0,35.0,39.0
205,8482089.0,Jake Neighbours,L,STL,21,77.0,27.0,11.0,38.0
206,8482149.0,Cole Perfetti,C,WPG,21,71.0,19.0,19.0,38.0
207,8476881.0,Tomas Hertl,C,SJS,30,54.0,17.0,21.0,38.0
208,8474037.0,James van Riemsdyk,L,BOS,34,71.0,11.0,27.0,38.0
209,8482105.0,Jake Sanderson,D,OTT,21,79.0,10.0,28.0,38.0
210,8475314.0,Anders Lee,L,NYI,33,81.0,20.0,17.0,37.0
211,8473422.0,Nick Foligno,L,CHI,36,74.0,17.0,20.0,37.0
212,8476483.0,Rickard Rakell,R,PIT,30,70.0,15.0,22.0,37.0
213,8482665.0,Matty Beniers,C,SEA,21,77.0,15.0,22.0,37.0
214,8476474.0,Stefan Noesen,R,CAR,30,81.0,14.0,23.0,37.0
215,8476480.0,Vladislav Namestnikov,C,WPG,31,78.0,11.0,26.0,37.0
216,8476958.0,Jaccob Slavin,D,CAR,29,81.0,6.0,31.0,37.0
217,8481535.0,Nils Hoglander,L,VAN,23,80.0,24.0,12.0,36.0
218,8480014.0,Gabriel Vilardi,C,WPG,24,47.0,22.0,14.0,36.0
219,8473986.0,Alex Killorn,L,ANA,34,63.0,18.0,18.0,36.0
220,8478046.0,Danton Heinen,L,BOS,28,74.0,17.0,19.0,36.0
221,8478891.0,Mason Appleton,C,WPG,27,82.0,14.0,22.0,36.0
222,8476432.0,Boone Jenner,C,CBJ,30,58.0,22.0,13.0,35.0
223,8477450.0,Jason Dickinson,C,CHI,28,82.0,22.0,13.0,35.0
224,8476880.0,Tom Wilson,R,WSH,29,74.0,18.0,17.0,35.0
225,8482699.0,Dylan Guenther,R,ARI,20,45.0,18.0,17.0,35.0
226,8475287.0,Erik Haula,L,NJD,32,76.0,16.0,19.0,35.0
227,8476925.0,Colton Sissons,C,NSH,30,81.0,15.0,20.0,35.0
228,8482720.0,Matthew Knies,L,TOR,21,80.0,15.0,20.0,35.0
229,8482113.0,Anton Lundell,C,FLA,22,78.0,13.0,22.0,35.0
230,8476392.0,Adam Lowry,C,WPG,30,81.0,12.0,23.0,35.0
231,8478472.0,Mathieu Joseph,R,OTT,26,72.0,11.0,24.0,35.0
232,8475799.0,Nino Niederreiter,R,WPG,31,77.0,18.0,16.0,34.0
233,8477476.0,Artturi Lehkonen,L,COL,28,45.0,16.0,18.0,34.0
234,8481618.0,Alex Newhook,C,MTL,22,55.0,15.0,19.0,34.0
235,8482110.0,Dawson Mercer,C,NJD,22,82.0,20.0,13.0,33.0
236,8482159.0,Tyson Foerster,R,PHI,21,77.0,20.0,13.0,33.0
237,8481580.0,Connor McMichael,C,WSH,22,80.0,18.0,15.0,33.0
238,8482055.0,Drew O'Connor,L,PIT,25,79.0,16.0,17.0,33.0
239,8477429.0,Andrew Copp,C,DET,29,79.0,13.0,20.0,33.0
240,8479992.0,Michael Rasmussen,C,DET,24,75.0,13.0,20.0,33.0
241,8476419.0,Jean-Gabriel Pageau,C,NYI,31,82.0,11.0,22.0,33.0
242,8476826.0,Yanni Gourde,C,SEA,32,80.0,11.0,22.0,33.0
243,8477986.0,Brandon Montour,D,FLA,29,66.0,8.0,25.0,33.0
244,8478178.0,Darren Raddysh,D,TBL,27,82.0,6.0,27.0,33.0
245,8482671.0,Owen Power,D,BUF,21,76.0,6.0,27.0,33.0
246,8480145.0,Neal Pionk,D,WPG,28,82.0,5.0,28.0,33.0
247,8474565.0,Alex Pietrangelo,D,VGK,33,64.0,4.0,29.0,33.0
248,8477952.0,Robby Fabbri,C,DET,27,68.0,18.0,14.0,32.0
249,8478057.0,Dakota Joshua,C,VAN,27,63.0,18.0,14.0,32.0
250,8475722.0,Jason Zucker,L,ARI,31,69.0,14.0,18.0,32.0
251,8476921.0,Jordan Martinook,L,CAR,31,82.0,14.0,18.0,32.0
252,8482705.0,Cole Sillinger,C,CBJ,20,77.0,13.0,19.0,32.0
253,8477498.0,Darnell Nurse,D,EDM,28,81.0,10.0,22.0,32.0
254,8475171.0,Oliver Ekman-Larsson,D,FLA,32,80.0,9.0,23.0,32.0
255,8478500.0,Ivan Provorov,D,CBJ,26,82.0,5.0,27.0,32.0
256,8474151.0,Ryan McDonagh,D,NSH,34,74.0,3.0,29.0,32.0
257,8474870.0,Tyler Johnson,C,CHI,33,67.0,17.0,14.0,31.0
258,8475848.0,Brendan Gallagher,R,MTL,31,77.0,16.0,15.0,31.0
259,8474189.0,Lars Eller,C,PIT,34,82.0,15.0,16.0,31.0
260,8476292.0,Ondrej Palat,L,NJD,32,71.0,11.0,20.0,31.0
261,8481624.0,Ilya Mikheyev,R,VAN,29,78.0,11.0,20.0,31.0
262,8478458.0,Jack Roslovic,C,CBJ,26,59.0,9.0,22.0,31.0
263,8477495.0,Seth Jones,D,CHI,29,67.0,8.0,23.0,31.0
264,8476979.0,Erik Gustafsson,D,NYR,31,76.0,6.0,25.0,31.0
265,8476331.0,Dylan DeMelo,D,WPG,30,82.0,3.0,28.0,31.0
266,8480064.0,Josh Norris,C,OTT,24,50.0,16.0,14.0,30.0
267,8475768.0,Jaden Schwartz,C,SEA,31,62.0,13.0,17.0,30.0
268,8477987.0,Ryan Donato,C,CHI,27,78.0,12.0,18.0,30.0
269,8480802.0,Ryan McLeod,C,EDM,24,81.0,12.0,18.0,30.0
270,8475149.0,Marcus Johansson,L,MIN,33,78.0,11.0,19.0,30.0
271,8473533.0,Jordan Staal,C,CAR,35,80.0,10.0,20.0,30.0
272,8477505.0,Alex Wennberg,C,SEA,29,79.0,10.0,20.0,30.0
273,8481546.0,Cam York,D,PHI,22,82.0,10.0,20.0,30.0
274,8478469.0,Thomas Chabot,D,OTT,26,51.0,9.0,21.0,30.0
275,8480817.0,K'Andre Miller,D,NYR,23,80.0,8.0,22.0,30.0
276,8477969.0,Marcus Pettersson,D,PIT,27,82.0,4.0,26.0,30.0
277,8475753.0,Justin Faulk,D,STL,31,60.0,2.0,28.0,30.0
278,8479619.0,Michael Carcone,L,ARI,27,74.0,21.0,8.0,29.0
279,8482475.0,Yegor Chinakhov,R,CBJ,22,53.0,16.0,13.0,29.0
280,8480459.0,Pius Suter,C,VAN,27,67.0,14.0,15.0,29.0
281,8475763.0,Kevin Hayes,R,STL,31,79.0,13.0,16.0,29.0
282,8481524.0,Bowen  Byram,D,COL,22,73.0,11.0,18.0,29.0
283,8480336.0,Sean Walker,D,PHI,29,81.0,10.0,19.0,29.0
284,8481656.0,Aliaksei Protas,C,WSH,22,78.0,6.0,23.0,29.0
285,8474574.0,Tyler Myers,D,VAN,33,77.0,5.0,24.0,29.0
286,8482125.0,Alexander Holtz,R,NJD,21,82.0,16.0,12.0,28.0
287,8480813.0,Joe Veleno,C,DET,23,80.0,12.0,16.0,28.0
288,8480068.0,Ryan Poehling,C,PHI,24,77.0,11.0,17.0,28.0
289,8478115.0,Pierre Engvall,L,NYI,27,74.0,10.0,18.0,28.0
290,8478413.0,Jordan Greenway,L,BUF,26,67.0,10.0,18.0,28.0
291,8476923.0,Damon Severson,D,CBJ,29,67.0,9.0,19.0,28.0
292,8476931.0,Jake McCabe,D,TOR,30,73.0,8.0,20.0,28.0
293,8478133.0,Jake Evans,C,MTL,27,82.0,7.0,21.0,28.0
294,8476927.0,Teddy Blueger,C,VAN,29,68.0,6.0,22.0,28.0
295,8475181.0,Nick Leddy,D,STL,32,82.0,3.0,25.0,28.0
296,8478020.0,Michael Amadio,R,VGK,27,73.0,14.0,13.0,27.0
297,8481582.0,Nicholas Robertson,L,TOR,22,56.0,14.0,13.0,27.0
298,8480185.0,Eetu Luostarinen,C,FLA,25,82.0,12.0,15.0,27.0
299,8480829.0,Jesperi Kotkaniemi,C,CAR,23,79.0,12.0,15.0,27.0
300,8480113.0,Alex Iafallo,L,WPG,30,82.0,11.0,16.0,27.0
301,8480748.0,Kiefer Sherwood,L,NSH,28,68.0,10.0,17.0,27.0
302,8481596.0,Shane Pinto,C,OTT,23,41.0,9.0,18.0,27.0
303,8480835.0,Jack Drury,C,CAR,23,74.0,8.0,19.0,27.0
304,8476463.0,Jonas Brodin,D,MIN,30,62.0,7.0,20.0,27.0
305,8476918.0,Jimmy Vesey,L,NYR,30,80.0,13.0,13.0,26.0
306,8482092.0,Ridly Greig,C,OTT,21,72.0,13.0,13.0,26.0
307,8476892.0,Colton Parayko,D,STL,30,82.0,10.0,16.0,26.0
308,8479941.0,Justin Danforth,R,CBJ,30,71.0,10.0,16.0,26.0
309,8477425.0,Miles Wood,L,COL,28,74.0,9.0,17.0,26.0
310,8480855.0,Jack McBain,C,ARI,23,67.0,8.0,18.0,26.0
311,8474602.0,Justin Schultz,D,SEA,33,70.0,7.0,19.0,26.0
312,8475200.0,Dmitry Orlov,D,CAR,32,82.0,6.0,20.0,26.0
313,8475790.0,Erik Gudbranson,D,CBJ,31,78.0,6.0,20.0,26.0
314,8476902.0,Esa Lindell,D,DAL,29,82.0,5.0,21.0,26.0
315,8482655.0,J.J. Moser,D,ARI,23,80.0,5.0,21.0,26.0
316,8475188.0,Brayden McNabb,D,VGK,32,82.0,4.0,22.0,26.0
317,8476854.0,Hampus Lindholm,D,BOS,29,73.0,3.0,23.0,26.0
318,8474673.0,TJ Brodie,D,TOR,33,78.0,1.0,25.0,26.0
319,8476469.0,Joel Armia,R,MTL,30,66.0,17.0,8.0,25.0
320,8481601.0,Simon Holmstrom,R,NYI,22,75.0,15.0,10.0,25.0
321,8481186.0,Logan O'Connor,R,COL,27,57.0,13.0,12.0,25.0
322,8471698.0,T.J. Oshie,R,WSH,37,52.0,12.0,13.0,25.0
323,8479591.0,Michael Eyssimont,C,TBL,27,81.0,11.0,14.0,25.0
324,8476312.0,Josh Manson,D,COL,32,76.0,8.0,17.0,25.0
325,8477508.0,Curtis Lazar,C,NJD,28,71.0,7.0,18.0,25.0
326,8478136.0,Jake Middleton,D,MIN,27,80.0,7.0,18.0,25.0
327,8481032.0,Paul Cotter,C,VGK,24,76.0,7.0,18.0,25.0
328,8476879.0,Cody Ceci,D,EDM,30,79.0,5.0,20.0,25.0
329,8478911.0,Matt Roy,D,LAK,28,81.0,5.0,20.0,25.0
330,8482245.0,Artem Zub,D,OTT,28,69.0,5.0,20.0,25.0
331,8478507.0,John Marino,D,NJD,26,75.0,4.0,21.0,25.0
332,8478840.0,Will Borgen,D,SEA,27,82.0,3.0,22.0,25.0
333,8482259.0,Bobby McMann,C,TOR,27,56.0,15.0,9.0,24.0
334,8478043.0,Sam Lafferty,C,VAN,28,79.0,13.0,11.0,24.0
335,8481604.0,Pavel Dorofeyev,L,VGK,23,47.0,13.0,11.0,24.0
336,8475193.0,Tomas Tatar,L,SEA,33,70.0,9.0,15.0,24.0
337,8479351.0,Sam Steel,C,DAL,25,77.0,9.0,15.0,24.0
338,8475744.0,Evgeny Kuznetsov,C,WSH,31,63.0,8.0,16.0,24.0
339,8474031.0,Kevin Shattenkirk,D,BOS,34,61.0,6.0,18.0,24.0
340,8475233.0,David Savard,D,MTL,33,60.0,6.0,18.0,24.0
341,8476422.0,Mike Reilly,D,NYI,30,61.0,6.0,18.0,24.0
342,8473507.0,Jeff Petry,D,DET,36,73.0,3.0,21.0,24.0
343,8480246.0,Nick Perbix,D,TBL,25,77.0,2.0,22.0,24.0
344,8481606.0,Jordan Spence,D,LAK,22,71.0,2.0,22.0,24.0
345,8477947.0,Sonny Milano,L,WSH,27,49.0,15.0,8.0,23.0
346,8475793.0,Ryan Johansen,C,COL,31,63.0,13.0,10.0,23.0
347,8480821.0,Filip Zadina,R,SJS,24,72.0,13.0,10.0,23.0
348,8474149.0,Evgenii Dadonov,R,DAL,34,51.0,12.0,11.0,23.0
349,8474884.0,Mike Hoffman,C,SJS,34,66.0,10.0,13.0,23.0
350,8475231.0,Casey Cizikas,C,NYI,32,70.0,10.0,13.0,23.0
351,8482062.0,Cole Smith,L,NSH,28,80.0,9.0,14.0,23.0
352,8478882.0,Vladislav Gavrikov,D,LAK,28,77.0,6.0,17.0,23.0
353,8474157.0,Max Pacioretty,L,WSH,35,47.0,4.0,19.0,23.0
354,8480043.0,Timothy Liljegren,D,TOR,24,55.0,3.0,20.0,23.0
355,8480873.0,Rasmus Sandin,D,WSH,23,68.0,3.0,20.0,23.0
356,8470621.0,Corey Perry,R,EDM,38,54.0,12.0,10.0,22.0
357,8473449.0,Kyle Okposo,R,BUF,35,67.0,12.0,10.0,22.0
358,8475343.0,Nic Dowd,C,WSH,33,64.0,12.0,10.0,22.0
359,8477446.0,Michael McCarron,R,NSH,28,70.0,12.0,10.0,22.0
360,8481517.0,Brett Leason,R,ANA,24,68.0,11.0,11.0,22.0
361,8478970.0,Jalen Chatfield,D,CAR,27,72.0,8.0,14.0,22.0
362,8481014.0,Alexander Romanov,D,NYI,23,81.0,7.0,15.0,22.0
363,8477953.0,Kasperi Kapanen,R,STL,27,73.0,6.0,16.0,22.0
364,8482087.0,Kaiden Guhle,D,MTL,21,70.0,6.0,16.0,22.0
365,8476885.0,Jacob Trouba,D,NYR,29,69.0,3.0,19.0,22.0
366,8480281.0,Alexey Toropchenko,R,STL,24,82.0,14.0,7.0,21.0
367,8482157.0,Will Cuylle,L,NYR,21,81.0,13.0,8.0,21.0
368,8478013.0,Jake Walman,D,DET,27,63.0,12.0,9.0,21.0
369,8475714.0,Calle Jarnkrok,C,TOR,32,52.0,10.0,11.0,21.0
370,8471218.0,Blake Wheeler,R,NYR,37,54.0,9.0,12.0,21.0
371,8475220.0,Marcus Foligno,L,MIN,32,55.0,9.0,12.0,21.0
372,8476897.0,Oskar Sundqvist,C,STL,29,71.0,6.0,15.0,21.0
373,8479359.0,Beck Malenstyn,L,WSH,25,81.0,6.0,15.0,21.0
374,8480891.0,Michael Kesselring,D,ARI,23,65.0,5.0,16.0,21.0
375,8481178.0,Egor Zamula,D,PHI,23,66.0,5.0,16.0,21.0
376,8479983.0,Mario Ferraro,D,SJS,25,78.0,3.0,18.0,21.0
377,8475225.0,Craig Smith,C,DAL,34,75.0,11.0,9.0,20.0
378,8476981.0,Josh Anderson,R,MTL,29,78.0,9.0,11.0,20.0
379,8475455.0,Brenden Dillon,D,WPG,33,77.0,8.0,12.0,20.0
380,8481577.0,Philip Tomasino,C,NSH,22,41.0,7.0,13.0,20.0
381,8477507.0,Nikita Zadorov,D,VAN,28,75.0,6.0,14.0,20.0
382,8475279.0,Ben Chiarot,D,DET,32,77.0,5.0,15.0,20.0
383,8478851.0,Alexandre Carrier,D,NSH,27,73.0,4.0,16.0,20.0
384,8480035.0,Henri Jokiharju,D,BUF,24,74.0,3.0,17.0,20.0
385,8480073.0,Erik Brannstrom,D,OTT,24,76.0,3.0,17.0,20.0
386,8475179.0,Dmitry Kulikov,D,FLA,33,76.0,1.0,19.0,20.0
387,8481554.0,Kaapo Kakko,R,NYR,22,61.0,13.0,6.0,19.0
388,8480980.0,Connor Dewar,C,MIN,24,74.0,11.0,8.0,19.0
389,8479415.0,Michael McLeod,C,NJD,25,45.0,10.0,9.0,19.0
390,8482097.0,Jack Quinn,R,BUF,22,27.0,9.0,10.0,19.0
391,8479353.0,Brett Howden,C,VGK,25,72.0,8.0,11.0,19.0
392,8480144.0,David Kampf,C,TOR,28,78.0,8.0,11.0,19.0
393,8473504.0,Cal Clutterbuck,R,NYI,36,82.0,7.0,12.0,19.0
394,8475164.0,Jakob Silfverberg,R,ANA,33,81.0,7.0,12.0,19.0
395,8476889.0,Radek Faksa,C,DAL,29,74.0,7.0,12.0,19.0
396,8471699.0,Andrew Cogliano,C,COL,36,75.0,6.0,13.0,19.0
397,8475855.0,Jesper Fast,R,CAR,32,73.0,6.0,13.0,19.0
398,8477380.0,Jonny Brodzinski,C,NYR,30,57.0,6.0,13.0,19.0
399,8477506.0,Ryan Pulock,D,NYI,29,58.0,5.0,14.0,19.0
400,8478432.0,Christian Fischer,R,DET,26,79.0,5.0,14.0,19.0
401,8480172.0,Jan Rutta,D,SJS,33,69.0,5.0,14.0,19.0
402,8482073.0,Braden Schneider,D,NYR,22,82.0,5.0,14.0,19.0
403,8475690.0,Chris Tanev,D,CGY,34,75.0,2.0,17.0,19.0
404,8479410.0,Mikhail Sergachev,D,TBL,25,34.0,2.0,17.0,19.0
405,8480878.0,Nils Lundkvist,D,DAL,23,59.0,2.0,17.0,19.0
406,8479316.0,Luke Kunin,C,SJS,26,77.0,11.0,7.0,18.0
407,8480289.0,Morgan Barron,C,WPG,25,80.0,11.0,7.0,18.0
408,8476374.0,Sean Kuraly,C,CBJ,30,62.0,9.0,9.0,18.0
409,8478434.0,Keegan Kolesar,R,VGK,26,79.0,8.0,10.0,18.0
410,8480448.0,Parker Kelly,L,OTT,24,80.0,8.0,10.0,18.0
411,8475462.0,Radko Gudas,D,ANA,33,66.0,6.0,12.0,18.0
412,8480220.0,Noah Cates,L,PHI,24,59.0,6.0,12.0,18.0
413,8476457.0,Adam Larsson,D,SEA,31,81.0,4.0,14.0,18.0
414,8476874.0,Olli Maatta,D,DET,29,72.0,4.0,14.0,18.0
415,8477365.0,Connor Clifton,D,BUF,28,79.0,4.0,14.0,18.0
416,8477932.0,Aaron Ekblad,D,FLA,27,51.0,4.0,14.0,18.0
417,8479398.0,Samuel Girard,D,COL,25,59.0,3.0,15.0,18.0
418,8479998.0,Mikey Anderson,D,LAK,24,74.0,2.0,16.0,18.0
419,8480049.0,Dylan Samberg,D,WPG,24,78.0,1.0,17.0,18.0
420,8478508.0,Yakov Trenin,C,NSH,26,76.0,12.0,5.0,17.0
421,8477903.0,Garnet Hathaway,R,PHI,32,82.0,7.0,10.0,17.0
422,8480995.0,Pontus Holmberg,R,TOR,24,54.0,7.0,10.0,17.0
423,8478463.0,Anthony Beauvillier,L,CHI,26,60.0,5.0,12.0,17.0
424,8479315.0,Joey Anderson,R,CHI,25,55.0,5.0,12.0,17.0
425,8474166.0,Alec Martinez,D,VGK,36,55.0,4.0,13.0,17.0
426,8481522.0,Peyton Krebs,C,BUF,22,80.0,4.0,13.0,17.0
427,8478859.0,Niko Mikkola,D,FLA,27,82.0,3.0,14.0,17.0
428,8479324.0,Ryan Lindgren,D,NYR,25,76.0,3.0,14.0,17.0
429,8470600.0,Ryan Suter,D,DAL,38,82.0,2.0,15.0,17.0
430,8479976.0,Juuso Valimaki,D,ARI,25,68.0,2.0,15.0,17.0
431,8481605.0,Jackson LaCombe,D,ANA,22,71.0,2.0,15.0,17.0
432,8480884.0,Calen Addison,D,SJS,23,72.0,1.0,16.0,17.0
433,8475842.0,Sam Carrick,C,ANA,31,77.0,10.0,6.0,16.0
434,8473453.0,Trevor Lewis,C,LAK,36,82.0,8.0,8.0,16.0
435,8479977.0,Kailer Yamamoto,R,SEA,25,59.0,8.0,8.0,16.0
436,8480205.0,Emil Bemstrom,R,CBJ,24,56.0,8.0,8.0,16.0
437,8477444.0,Andre Burakovsky,L,SEA,28,49.0,7.0,9.0,16.0
438,8479293.0,Brandon Tanev,L,SEA,32,66.0,7.0,9.0,16.0
439,8475208.0,Brian Dumoulin,D,SEA,32,80.0,6.0,10.0,16.0
440,8477979.0,Nicolas Aube-Kubel,R,WSH,27,60.0,6.0,10.0,16.0
441,8482660.0,Kent Johnson,C,CBJ,21,42.0,6.0,10.0,16.0
442,8476462.0,Dougie Hamilton,D,NJD,30,20.0,5.0,11.0,16.0
443,8482117.0,Lukas Reichel,L,CHI,21,65.0,5.0,11.0,16.0
444,8474034.0,Pat Maroon,L,MIN,35,51.0,4.0,12.0,16.0
445,8471677.0,Jack Johnson,D,COL,36,80.0,3.0,13.0,16.0
446,8476967.0,Brett Kulak,D,EDM,29,82.0,3.0,13.0,16.0
447,8480796.0,Martin Fehervary,D,WSH,24,66.0,3.0,13.0,16.0
448,8481568.0,Alex Vlasic,D,CHI,22,76.0,2.0,14.0,16.0
449,8476917.0,Adam Pelech,D,NYI,29,58.0,1.0,15.0,16.0
450,8470604.0,Jeff Carter,C,PIT,38,72.0,11.0,4.0,15.0
451,8477330.0,Dominik Kubalik,L,OTT,28,74.0,11.0,4.0,15.0
452,8478831.0,Kevin Stenlund,C,FLA,27,81.0,11.0,4.0,15.0
453,8479423.0,Alex Nylander,L,PIT,25,28.0,11.0,4.0,15.0
454,8476393.0,Nick Cousins,C,FLA,30,69.0,7.0,8.0,15.0
455,8476873.0,Mark Jankowski,C,NSH,29,32.0,7.0,8.0,15.0
456,8478109.0,Victor Olofsson,L,BUF,28,51.0,7.0,8.0,15.0
457,8481481.0,Blake Lizotte,C,LAK,26,62.0,7.0,8.0,15.0
458,8481560.0,Arthur Kaliyev,R,LAK,22,51.0,7.0,8.0,15.0
459,8478042.0,Viktor Arvidsson,R,LAK,30,18.0,6.0,9.0,15.0
460,8481533.0,Trevor Zegras,C,ANA,22,31.0,6.0,9.0,15.0
461,8474090.0,Brendan Smith,D,NJD,34,63.0,5.0,10.0,15.0
462,8477919.0,Frederick Gaudreau,C,MIN,30,67.0,5.0,10.0,15.0
463,8479368.0,Max Jones,L,ANA,25,52.0,5.0,10.0,15.0
464,8477839.0,Conor Sheary,L,TBL,31,57.0,4.0,11.0,15.0
465,8476467.0,Jamie Oleksiak,D,SEA,31,82.0,2.0,13.0,15.0
466,8475197.0,Tyson Barrie,D,NSH,32,41.0,1.0,14.0,15.0
467,8476878.0,Zemgus Girgensons,L,BUF,29,63.0,8.0,6.0,14.0
468,8480011.0,Klim Kostin,C,DET,24,52.0,8.0,6.0,14.0
469,8479661.0,Tanner Jeannot,L,TBL,26,55.0,7.0,7.0,14.0
470,8478468.0,Jeremy Lauzon,D,NSH,26,79.0,6.0,8.0,14.0
471,8480003.0,Jesper Boqvist,C,BOS,25,47.0,6.0,8.0,14.0
472,8477070.0,Liam O'Brien,C,ARI,29,75.0,5.0,9.0,14.0
473,8479390.0,Taylor Raddysh,R,CHI,25,73.0,5.0,9.0,14.0
474,8477392.0,Hudson Fasching,R,NYI,28,45.0,4.0,10.0,14.0
475,8478443.0,Brandon Carlo,D,BOS,27,76.0,4.0,10.0,14.0
476,8480879.0,Jacob Bernard-Docker,D,OTT,23,72.0,4.0,10.0,14.0
477,8474567.0,Zach Bogosian,D,MIN,33,65.0,3.0,11.0,14.0
478,8477435.0,Ryan Graves,D,PIT,28,70.0,3.0,11.0,14.0
479,8480887.0,Jordan Harris,D,MTL,23,56.0,3.0,11.0,14.0
480,8477220.0,Nate Schmidt,D,WPG,32,63.0,2.0,12.0,14.0
481,8480727.0,Zach Whitecloud,D,VGK,27,61.0,2.0,12.0,14.0
482,8475324.0,Nick Jensen,D,WSH,33,78.0,1.0,13.0,14.0
483,8480001.0,Urho Vaakanainen,D,ANA,24,68.0,1.0,13.0,14.0
484,8477845.0,Trevor van Riemsdyk,D,WSH,32,70.0,0.0,14.0,14.0
485,8477573.0,Nathan Walker,L,STL,29,45.0,7.0,6.0,13.0
486,8479383.0,Boris Katchouk,L,CHI,25,59.0,7.0,6.0,13.0
487,8482111.0,Justin Barron,D,MTL,22,48.0,7.0,6.0,13.0
488,8479996.0,Cody Glass,C,NSH,24,41.0,6.0,7.0,13.0
489,8480192.0,Johnathan Kovacevic,D,MTL,26,62.0,6.0,7.0,13.0
490,8476871.0,Tanner Pearson,L,MTL,31,54.0,5.0,8.0,13.0
491,8479520.0,Brandon Duhaime,R,MIN,26,80.0,5.0,8.0,13.0
492,8481477.0,Nico Sturm,C,SJS,28,63.0,5.0,8.0,13.0
493,8479402.0,Jake Bean,D,CBJ,25,72.0,4.0,9.0,13.0
494,8482222.0,Alexander Barabanov,L,SJS,29,46.0,4.0,9.0,13.0
495,8477488.0,Brett Pesce,D,CAR,29,70.0,3.0,10.0,13.0
496,8479371.0,Dante Fabbro,D,NSH,25,56.0,3.0,10.0,13.0
497,8478416.0,Erik Cernak,D,TBL,26,69.0,2.0,11.0,13.0
498,8476372.0,Nick Seeler,D,PHI,30,71.0,1.0,12.0,13.0
499,8476278.0,Colin Blackwell,C,CHI,30,44.0,8.0,4.0,12.0
500,8479336.0,Carl Grundstrom,R,LAK,26,50.0,8.0,4.0,12.0
501,8481704.0,Juuso Parssinen,C,NSH,22,44.0,8.0,4.0,12.0
502,8471709.0,Marc-Edouard Vlasic,D,SJS,36,57.0,6.0,6.0,12.0
503,8478421.0,A.J. Greer,L,CGY,27,59.0,6.0,6.0,12.0
504,8479393.0,Noah Gregor,C,TOR,25,63.0,6.0,6.0,12.0
505,8477846.0,Ryan Carpenter,C,SJS,32,62.0,5.0,7.0,12.0
506,8478585.0,Derek Ryan,C,EDM,37,70.0,5.0,7.0,12.0
507,8479414.0,Nathan Bastian,R,NJD,26,54.0,5.0,7.0,12.0
508,8479671.0,Mathieu Olivier,R,CBJ,26,54.0,5.0,7.0,12.0
509,8476624.0,Barclay Goodrow,C,NYR,30,80.0,4.0,8.0,12.0
510,8476919.0,Chris Tierney,C,NJD,29,52.0,4.0,8.0,12.0
511,8477015.0,Connor Brown,R,EDM,29,71.0,4.0,8.0,12.0
512,8477406.0,Mattias Janmark,C,EDM,31,71.0,4.0,8.0,12.0
513,8479543.0,Michael Pezzetta,L,MTL,25,61.0,3.0,9.0,12.0
514,8475825.0,Jani Hakanpää,D,DAL,31,64.0,2.0,10.0,12.0
515,8479980.0,Nicolas Hague,D,VGK,25,73.0,2.0,10.0,12.0
516,8476822.0,Luke Glendening,C,TBL,34,81.0,10.0,1.0,11.0
517,8482133.0,Thomas Bordeleau,C,SJS,21,27.0,6.0,5.0,11.0
518,8480025.0,MacKenzie Entwistle,R,CHI,24,67.0,5.0,6.0,11.0
519,8480806.0,Isac Lundestrom,C,ANA,24,46.0,5.0,6.0,11.0
520,8475750.0,Jon Merrill,D,MIN,31,65.0,4.0,7.0,11.0
521,8477950.0,Tony DeAngelo,D,CAR,28,31.0,3.0,8.0,11.0
522,8481567.0,Henry Thrun,D,SJS,22,51.0,3.0,8.0,11.0
523,8474013.0,Ian Cole,D,VAN,34,78.0,2.0,9.0,11.0
524,8476891.0,Matt Grzelcyk,D,BOS,29,63.0,2.0,9.0,11.0
525,8480058.0,Pierre-Olivier Joseph,D,PIT,24,52.0,2.0,9.0,11.0
526,8479576.0,Vincent Desharnais,D,EDM,27,78.0,1.0,10.0,11.0
527,8480860.0,Kevin Bahl,D,NJD,23,82.0,1.0,10.0,11.0
528,8470610.0,Zach Parise,L,COL,39,30.0,5.0,5.0,10.0
529,8474040.0,Sam Gagner,C,EDM,34,28.0,5.0,5.0,10.0
530,8476858.0,Phillip Di Giuseppe,L,VAN,30,51.0,5.0,5.0,10.0
531,8480355.0,Mark Kastelic,C,OTT,24,63.0,5.0,5.0,10.0
532,8475177.0,Calvin de Haan,D,TBL,32,59.0,3.0,7.0,10.0
533,8477384.0,Josh Brown,D,ARI,29,51.0,3.0,7.0,10.0
534,8480184.0,Gustav Lindström,D,ANA,25,46.0,3.0,7.0,10.0
535,8480762.0,Eric Robinson,L,BUF,28,47.0,3.0,7.0,10.0
536,8480849.0,Barrett Hayton,C,ARI,23,33.0,3.0,7.0,10.0
537,8482142.0,Jamie Drysdale,D,PHI,21,34.0,3.0,7.0,10.0
538,8482964.0,Arber Xhekaj,D,MTL,22,44.0,3.0,7.0,10.0
539,8477018.0,Ben Hutton,D,VGK,30,41.0,2.0,8.0,10.0
540,8480880.0,Jakub Lauko,C,BOS,23,60.0,2.0,8.0,10.0
541,8481093.0,Rafael Harvey-Pinard,L,MTL,24,45.0,2.0,8.0,10.0
542,8477971.0,Andreas Englund,D,LAK,27,82.0,1.0,9.0,10.0
543,8479369.0,Andrew Peeke,D,CBJ,25,38.0,1.0,9.0,10.0
544,8479982.0,Conor Timmins,D,TOR,25,25.0,1.0,9.0,10.0
545,8480871.0,Adam Boqvist,D,CBJ,23,35.0,1.0,9.0,10.0
546,8483460.0,David Jiricek,D,CBJ,20,43.0,1.0,9.0,10.0
547,8471274.0,Alex Goligoski,D,MIN,38,36.0,0.0,10.0,10.0
548,8479439.0,Jacob MacDonald,D,SJS,30,34.0,7.0,2.0,9.0
549,8477353.0,Tyler Motte,C,TBL,28,69.0,6.0,3.0,9.0
550,8479339.0,Patrik Laine,L,CBJ,25,18.0,6.0,3.0,9.0
551,8479718.0,Alex Barré-Boulet,C,TBL,26,36.0,6.0,3.0,9.0
552,8482077.0,Dylan Holloway,L,EDM,22,38.0,6.0,3.0,9.0
553,8477989.0,Christian Dvorak,C,MTL,27,30.0,5.0,4.0,9.0
554,8479328.0,Julien Gauthier,R,NYI,26,27.0,5.0,4.0,9.0
555,8479968.0,Vinni Lettieri,C,MIN,28,46.0,5.0,4.0,9.0
556,8476525.0,Colin Miller,D,NJD,31,46.0,4.0,5.0,9.0
557,8470966.0,Mark Giordano,D,TOR,40,46.0,3.0,6.0,9.0
558,8478028.0,Fredrik Olofsson,L,COL,27,57.0,3.0,6.0,9.0
559,8480008.0,Adam Ruzicka,C,ARI,24,42.0,3.0,6.0,9.0
560,8481641.0,Joel Kiviranta,L,COL,27,56.0,3.0,6.0,9.0
561,8482679.0,Matt Coronato,R,CGY,21,34.0,3.0,6.0,9.0
562,8476960.0,Andreas Athanasiou,C,CHI,29,28.0,2.0,7.0,9.0
563,8478099.0,Kevin Labanc,R,SJS,28,46.0,2.0,7.0,9.0
564,8480222.0,Sebastian Aho,D,NYI,27,58.0,2.0,7.0,9.0
565,8480848.0,Ty Dellandrea,C,DAL,23,42.0,2.0,7.0,9.0
566,8481708.0,Zac Jones,D,NYR,23,31.0,2.0,7.0,9.0
567,8478399.0,Jonas Siegenthaler,D,NJD,26,57.0,1.0,8.0,9.0
568,8481527.0,Kaedan Korczak,D,VGK,22,26.0,1.0,8.0,9.0
569,8481537.0,Nikita Okhotiuk,D,SJS,23,52.0,1.0,8.0,9.0
570,8475797.0,Jarred Tinordi,D,CHI,31,52.0,0.0,9.0,9.0
571,8479372.0,Josh Mahura,D,FLA,25,30.0,0.0,9.0,9.0
572,8477478.0,William Carrier,L,VGK,29,39.0,6.0,2.0,8.0
573,8474709.0,Matt Martin,L,NYI,34,57.0,4.0,4.0,8.0
574,8480252.0,Cole Guttman,C,CHI,24,27.0,4.0,4.0,8.0
575,8481058.0,Jesse Ylönen,R,MTL,24,59.0,4.0,4.0,8.0
576,8477541.0,Dakota Mermis,D,MIN,29,47.0,3.0,5.0,8.0
577,8478211.0,Dryden Hunt,L,CGY,28,28.0,3.0,5.0,8.0
578,8474618.0,Marco Scandella,D,STL,33,65.0,2.0,6.0,8.0
579,8476329.0,Travis Boyd,C,ARI,30,16.0,2.0,6.0,8.0
580,8476473.0,Connor Murphy,D,CHI,30,46.0,2.0,6.0,8.0
581,8477335.0,Kyle Burroughs,D,SJS,28,73.0,2.0,6.0,8.0
582,8480196.0,Jacob Bryson,D,BUF,26,36.0,1.0,7.0,8.0
583,8478450.0,Parker Wotherspoon,D,BOS,26,41.0,0.0,8.0,8.0
584,8480950.0,Ilya Lyubushkin,D,ANA,29,74.0,0.0,8.0,8.0
585,8479066.0,Ryan Lomberg,L,FLA,29,75.0,5.0,2.0,7.0
586,8477930.0,Pierre-Edouard Bellemare,L,SEA,38,40.0,4.0,3.0,7.0
587,8478569.0,Noel Acciari,C,PIT,32,55.0,4.0,3.0,7.0
588,8482241.0,Radim Zohorna,L,PIT,27,33.0,4.0,3.0,7.0
589,8479346.0,Dillon Dube,C,CGY,25,43.0,3.0,4.0,7.0
590,8481019.0,David Gustafsson,C,WPG,23,39.0,3.0,4.0,7.0
591,8482496.0,Nils Aman,C,VAN,23,43.0,3.0,4.0,7.0
592,8482624.0,Daniil Miromanov,D,VGK,26,24.0,3.0,4.0,7.0
593,8478408.0,Travis Dermott,D,ARI,27,50.0,2.0,5.0,7.0
594,8479458.0,Nikita Zaitsev,D,CHI,32,38.0,2.0,5.0,7.0
595,8480084.0,Nick DeSimone,D,NJD,29,34.0,2.0,5.0,7.0
596,8481167.0,Brayden Pachal,D,CGY,24,50.0,2.0,5.0,7.0
597,8482652.0,Walker Duehr,R,CGY,26,40.0,2.0,5.0,7.0
598,8474568.0,Luke Schenn,D,NSH,34,63.0,1.0,6.0,7.0
599,8478104.0,Sammy Blais,L,STL,27,53.0,1.0,6.0,7.0
600,8478454.0,Noah Juulsen,D,VAN,26,54.0,1.0,6.0,7.0
601,8478502.0,Dennis Gilbert,D,CGY,27,34.0,1.0,6.0,7.0
602,8479442.0,Troy Stecher,D,ARI,29,54.0,1.0,6.0,7.0
603,8480807.0,Mattias Samuelsson,D,BUF,23,41.0,1.0,6.0,7.0
604,8482516.0,Matthew Kessel,D,STL,23,39.0,1.0,6.0,7.0
605,8482176.0,Wyatt Kaiser,D,CHI,21,32.0,0.0,7.0,7.0
606,8473446.0,Erik Johnson,D,BUF,35,67.0,5.0,1.0,6.0
607,8471817.0,Ryan Reaves,R,TOR,36,49.0,4.0,2.0,6.0
608,8479370.0,Tyson Jost,C,BUF,25,43.0,3.0,3.0,6.0
609,8474612.0,Travis Hamonic,D,OTT,33,48.0,2.0,4.0,6.0
610,8477369.0,Carson Soucy,D,VAN,29,40.0,2.0,4.0,6.0
611,8477931.0,Tomas Nosek,L,NJD,31,36.0,2.0,4.0,6.0
612,8477944.0,Jakub Vrana,L,STL,27,21.0,2.0,4.0,6.0
613,8480789.0,Oliver Wahlstrom,R,NYI,23,32.0,2.0,4.0,6.0
614,8481013.0,Jonatan Berggren,R,DET,23,12.0,2.0,4.0,6.0
615,8482730.0,Brandt Clarke,D,LAK,20,16.0,2.0,4.0,6.0
616,8476441.0,Joel Edmundson,D,WSH,30,53.0,1.0,5.0,6.0
617,8480078.0,Filip Chytil,C,NYR,24,10.0,0.0,6.0,6.0
618,8482192.0,Isaak Phillips,D,CHI,22,33.0,0.0,6.0,6.0
619,8483524.0,Shane Wright,C,SEA,19,8.0,4.0,1.0,5.0
620,8477962.0,Brendan Lemieux,L,CAR,27,32.0,3.0,2.0,5.0
621,8479536.0,Axel Jonsson-Fjallby,L,WPG,25,26.0,2.0,3.0,5.0
622,8481147.0,Reese Johnson,C,CHI,25,42.0,2.0,3.0,5.0
623,8481422.0,Jacob Lucchini,C,MIN,28,40.0,2.0,3.0,5.0
624,8481541.0,Samuel Bolduc,D,NYI,23,34.0,2.0,3.0,5.0
625,8471686.0,Marc Staal,D,PHI,36,35.0,1.0,4.0,5.0
626,8474009.0,Nick Bonino,C,NYR,35,45.0,1.0,4.0,5.0
627,8476952.0,Dominic Toninato,C,WPG,29,15.0,1.0,4.0,5.0
628,8477810.0,Joel Hanley,D,DAL,32,42.0,1.0,4.0,5.0
629,8477938.0,Haydn Fleury,D,TBL,27,24.0,1.0,4.0,5.0
630,8479547.0,Matthew Phillips,R,PIT,25,31.0,1.0,4.0,5.0
631,8480245.0,Olle Lycksell,R,PHI,24,18.0,1.0,4.0,5.0
632,8481122.0,Simon Benoit,D,TOR,25,64.0,1.0,4.0,5.0
633,8474716.0,Jared Spurgeon,D,MIN,34,16.0,0.0,5.0,5.0
634,8475718.0,Justin Holl,D,DET,31,38.0,0.0,5.0,5.0
635,8475906.0,John Klingberg,D,TOR,31,14.0,0.0,5.0,5.0
636,8476429.0,Scott Mayfield,D,NYI,31,41.0,0.0,5.0,5.0
637,8478452.0,Caleb Jones,D,COL,26,25.0,0.0,5.0,5.0
638,8478051.0,Max Willman,C,NJD,28,18.0,3.0,1.0,4.0
639,8479291.0,Kevin Rooney,C,CGY,30,33.0,3.0,1.0,4.0
640,8479344.0,Jesse Puljujarvi,R,PIT,25,22.0,3.0,1.0,4.0
641,8475766.0,Austin Watson,L,TBL,31,33.0,2.0,2.0,4.0
642,8475791.0,Taylor Hall,L,CHI,32,10.0,2.0,2.0,4.0
643,8476867.0,Brendan Gaunce,C,CBJ,29,24.0,2.0,2.0,4.0
644,8479981.0,Jonah Gadjovich,L,FLA,25,39.0,2.0,2.0,4.0
645,8481056.0,Spencer Stastney,D,NSH,23,20.0,2.0,2.0,4.0
646,8475235.0,Nicolas Deslauriers,L,PHI,32,60.0,1.0,3.0,4.0
647,8475752.0,Tyler Pitlick,C,NYR,32,34.0,1.0,3.0,4.0
648,8476442.0,Matt Nieto,L,PIT,31,22.0,1.0,3.0,4.0
649,8476913.0,Devin Shore,C,SEA,29,21.0,1.0,3.0,4.0
650,8477244.0,Chad Ruhwedel,D,PIT,33,52.0,1.0,3.0,4.0
651,8477499.0,Rasmus Ristolainen,D,PHI,29,31.0,1.0,3.0,4.0
652,8477527.0,Ross Johnston,L,ANA,29,68.0,1.0,3.0,4.0
653,8478451.0,Ethan Bear,D,WSH,26,24.0,1.0,3.0,4.0
654,8479379.0,Givani Smith,R,SJS,25,36.0,1.0,3.0,4.0
655,8479994.0,Jaret Anderson-Dolan,C,LAK,24,31.0,1.0,3.0,4.0
656,8481532.0,Alex Turcotte,C,LAK,22,20.0,1.0,3.0,4.0
657,8481609.0,Vladislav Kolyachonok,D,ARI,22,5.0,1.0,3.0,4.0
658,8475762.0,Derek Forbort,D,BOS,31,35.0,0.0,4.0,4.0
659,8478424.0,Jansen Harkins,C,PIT,26,45.0,0.0,4.0,4.0
660,8477073.0,Kurtis MacDermid,D,COL,29,45.0,2.0,1.0,3.0
661,8478078.0,Rourke Chartier,C,OTT,27,37.0,2.0,1.0,3.0
662,8479772.0,Zack MacEwen,R,OTT,27,30.0,2.0,1.0,3.0
663,8480441.0,Trey Fix-Wolansky,R,CBJ,24,11.0,2.0,1.0,3.0
664,8480468.0,James Hamblin,L,EDM,24,31.0,2.0,1.0,3.0
665,8480776.0,Sheldon Rempal,R,VGK,28,9.0,2.0,1.0,3.0
666,8476934.0,Brock McGinn,L,ANA,29,24.0,1.0,2.0,3.0
667,8476994.0,Vinnie Hinostroza,C,PIT,29,14.0,1.0,2.0,3.0
668,8478409.0,Anthony Richard,C,BOS,27,9.0,1.0,2.0,3.0
669,8478904.0,Steven Lorentz,C,FLA,27,38.0,1.0,2.0,3.0
670,8479972.0,Mason Shaw,C,MIN,25,20.0,1.0,2.0,3.0
671,8480007.0,Jonas Rondbjerg,R,VGK,24,20.0,1.0,2.0,3.0
672,8480823.0,Alexander Alexeyev,D,WSH,24,39.0,1.0,2.0,3.0
673,8481592.0,Jakob Pelletier,L,CGY,22,13.0,1.0,2.0,3.0
674,8483570.0,Ben Meyers,C,COL,25,23.0,1.0,2.0,3.0
675,8480853.0,Liam Foudy,C,NSH,23,13.0,0.0,3.0,3.0
676,8475780.0,Chris Wagner,R,BOS,32,13.0,1.0,1.0,2.0
677,8477454.0,Adam Erne,L,EDM,28,24.0,1.0,1.0,2.0
678,8478495.0,Denis Gurianov,R,NSH,26,18.0,1.0,1.0,2.0
679,8479362.0,Riley Tufte,L,COL,25,5.0,1.0,1.0,2.0
680,8479378.0,Logan Stanley,D,WPG,25,25.0,1.0,1.0,2.0
681,8480292.0,Carson Meyer,R,CBJ,26,14.0,1.0,1.0,2.0
682,8481006.0,Tyler Tucker,D,STL,23,26.0,1.0,1.0,2.0
683,8482101.0,Danil Gushchin,L,SJS,21,4.0,1.0,1.0,2.0
684,8482762.0,Simon Edvinsson,D,DET,20,16.0,1.0,1.0,2.0
685,8473473.0,Milan Lucic,L,BOS,35,4.0,0.0,2.0,2.0
686,8476988.0,Matt Benning,D,SJS,29,14.0,0.0,2.0,2.0
687,8477034.0,Jaycob Megna,D,CHI,31,44.0,0.0,2.0,2.0
688,8477464.0,Nic Petan,C,MIN,28,6.0,0.0,2.0,2.0
689,8477851.0,Jordan Oesterle,D,CGY,31,22.0,0.0,2.0,2.0
690,8478146.0,Matthew Highmore,C,OTT,27,7.0,0.0,2.0,2.0
691,8480070.0,Ian Mitchell,D,BOS,24,13.0,0.0,2.0,2.0
692,8480870.0,Bo Groulx,C,ANA,23,45.0,0.0,2.0,2.0
693,8481043.0,Cole Koepke,L,TBL,25,9.0,0.0,2.0,2.0
694,8481161.0,Jake Christiansen,D,CBJ,24,12.0,0.0,2.0,2.0
695,8481521.0,Ronnie Attard,D,PHI,24,12.0,0.0,2.0,2.0
696,8481523.0,Kirby Dach,C,MTL,22,2.0,0.0,2.0,2.0
697,8481543.0,Nikita Alexandrov,C,STL,23,23.0,0.0,2.0,2.0
698,8481550.0,Adam Beckman,L,MIN,22,11.0,0.0,2.0,2.0
699,8481598.0,Philip Broberg,D,EDM,22,12.0,0.0,2.0,2.0
700,8481617.0,Vasily Podkolzin,R,VAN,22,19.0,0.0,2.0,2.0
701,8481751.0,Lukas Rousek,R,BUF,24,15.0,0.0,2.0,2.0
702,8482451.0,Mikael Pyyhtia,L,CBJ,22,17.0,0.0,2.0,2.0
703,8479421.0,Jacob Moverare,D,LAK,25,24.0,1.0,0.0,1.0
704,8479546.0,Oskar Steen,C,BOS,25,34.0,1.0,0.0,1.0
705,8480021.0,Jack Studnicka,C,SJS,24,22.0,1.0,0.0,1.0
706,8480836.0,Jonathan Gruden,C,PIT,23,13.0,1.0,0.0,1.0
707,8480874.0,Adam Ginning,D,PHI,23,9.0,1.0,0.0,1.0
708,8481077.0,John Leonard,L,NSH,25,6.0,1.0,0.0,1.0
709,8481239.0,Samuel Fagemo,L,LAK,23,8.0,1.0,0.0,1.0
710,8481518.0,Nolan Foote,L,NJD,23,4.0,1.0,0.0,1.0
711,8481754.0,Nikita Nesterenko,C,ANA,22,3.0,1.0,0.0,1.0
712,8482147.0,Jean-Luc Foudy,C,COL,21,4.0,1.0,0.0,1.0
713,8483397.0,Marc McLaughlin,C,BOS,24,1.0,1.0,0.0,1.0
714,8483565.0,Nick Blankenburg,D,CBJ,25,12.0,1.0,0.0,1.0
715,8473563.0,Nicklas Backstrom,C,WSH,36,8.0,0.0,1.0,1.0
716,8474053.0,Logan Couture,C,SJS,34,6.0,0.0,1.0,1.0
717,8475278.0,Byron Froese,C,VGK,32,16.0,0.0,1.0,1.0
718,8475795.0,Dylan McIlrath,D,WSH,31,3.0,0.0,1.0,1.0
719,8477887.0,Patrick Brown,C,BOS,31,11.0,0.0,1.0,1.0
720,8478017.0,Mark Friedman,D,VAN,28,23.0,0.0,1.0,1.0
721,8478512.0,Austin Czarnik,C,DET,31,34.0,0.0,1.0,1.0
722,8479320.0,Max Lajoie,D,TOR,26,7.0,0.0,1.0,1.0
723,8479321.0,Lucas Johansen,D,WSH,26,6.0,0.0,1.0,1.0
724,8479348.0,Kale Clague,D,BUF,25,3.0,0.0,1.0,1.0
725,8479367.0,William Lockwood,R,FLA,25,26.0,0.0,1.0,1.0
726,8479984.0,Cal Foote,D,NJD,25,4.0,0.0,1.0,1.0
727,8480031.0,Max Comtois,L,ANA,24,1.0,0.0,1.0,1.0
728,8480157.0,Calle Rosen,D,STL,29,6.0,0.0,1.0,1.0
729,8480845.0,Rasmus Kupari,C,WPG,23,28.0,0.0,1.0,1.0
730,8480890.0,Jan Jenik,R,ARI,23,5.0,0.0,1.0,1.0
731,8481812.0,Nikolai Knyzhov,D,SJS,26,10.0,0.0,1.0,1.0
732,8482095.0,Tyler Kleven,D,OTT,21,9.0,0.0,1.0,1.0
733,8483597.0,Milos Kelemen,L,ARI,24,10.0,0.0,1.0,1.0
734,8470595.0,Eric Staal,C,FLA,39,0.0,0.0,0.0,0.0
735,8470638.0,Patrice Bergeron,C,BOS,38,0.0,0.0,0.0,0.0
736,8471276.0,David Krejci,C,BOS,37,0.0,0.0,0.0,0.0
737,8471303.0,Alexander Edler,D,LAK,37,0.0,0.0,0.0,0.0
738,8471669.0,Paul Stastny,C,CAR,38,0.0,0.0,0.0,0.0
739,8471794.0,Darren Helm,C,COL,36,0.0,0.0,0.0,0.0
740,8471873.0,Anton Stralman,D,BOS,37,0.0,0.0,0.0,0.0
741,8471887.0,Patric Hornqvist,R,FLA,36,0.0,0.0,0.0,0.0
742,8473544.0,Derick Brassard,C,OTT,36,0.0,0.0,0.0,0.0
743,8473548.0,Phil Kessel,R,VGK,36,0.0,0.0,0.0,0.0
744,8473604.0,Jonathan Toews,C,CHI,35,0.0,0.0,0.0,0.0
745,8474027.0,Justin Braun,D,PHI,36,0.0,0.0,0.0,0.0
746,8474089.0,Brad Malone,C,EDM,34,0.0,0.0,0.0,0.0
747,8474145.0,Robert Bortuzzo,D,NYI,34,27.0,0.0,0.0,0.0
748,8474161.0,Jakub Voracek,R,CBJ,34,0.0,0.0,0.0,0.0
749,8474162.0,Jake Muzzin,D,TOR,34,0.0,0.0,0.0,0.0
750,8474190.0,Wayne Simmonds,R,TOR,35,0.0,0.0,0.0,0.0
751,8474207.0,Nick Holden,D,OTT,36,0.0,0.0,0.0,0.0
752,8474218.0,Jason Demers,D,EDM,35,0.0,0.0,0.0,0.0
753,8474573.0,Josh Bailey,R,NYI,34,0.0,0.0,0.0,0.0
754,8474610.0,Zac Dalpe,C,FLA,34,0.0,0.0,0.0,0.0
755,8474613.0,Derek Stepan,C,CAR,33,0.0,0.0,0.0,0.0
756,8474628.0,Michael Stone,D,CGY,33,0.0,0.0,0.0,0.0
757,8474683.0,Derek Grant,C,ANA,33,0.0,0.0,0.0,0.0
758,8474697.0,Mark Borowiecki,D,NSH,34,0.0,0.0,0.0,0.0
759,8474818.0,Jordie Benn,D,TOR,36,0.0,0.0,0.0,0.0
760,8475160.0,Kyle Clifford,L,TOR,32,0.0,0.0,0.0,0.0
761,8475163.0,Alex Chiasson,R,DET,33,0.0,0.0,0.0,0.0
762,8475178.0,Zack Kassian,R,ARI,32,0.0,0.0,0.0,0.0
763,8475227.0,Chris Wideman,D,MTL,33,0.0,0.0,0.0,0.0
764,8475461.0,Andrew Agozzino,L,SJS,32,0.0,0.0,0.0,0.0
765,8475625.0,Matt Irwin,D,WSH,36,0.0,0.0,0.0,0.0
766,8475747.0,Patrik Nemeth,D,ARI,31,0.0,0.0,0.0,0.0
767,8475772.0,Riley Sheahan,C,BUF,32,0.0,0.0,0.0,0.0
768,8475857.0,Kevin Gravel,D,NSH,31,0.0,0.0,0.0,0.0
769,8475968.0,Alex Belzile,R,MTL,32,0.0,0.0,0.0,0.0
770,8476166.0,Taylor Fedun,D,PIT,35,0.0,0.0,0.0,0.0
771,8476310.0,Lukas Sedlak,C,PHI,30,0.0,0.0,0.0,0.0
772,8476326.0,Josh Archibald,R,PIT,31,0.0,0.0,0.0,0.0
773,8476390.0,Joseph Cramarossa,C,MIN,31,0.0,0.0,0.0,0.0
774,8476396.0,Steven Fogarty,C,MIN,30,0.0,0.0,0.0,0.0
775,8476404.0,Andy Andreoff,C,NYI,32,0.0,0.0,0.0,0.0
776,8476410.0,Josh Leivo,L,STL,30,0.0,0.0,0.0,0.0
777,8476439.0,Brett Ritchie,R,ARI,30,0.0,0.0,0.0,0.0
778,8476449.0,Scott Harrington,D,ANA,30,0.0,0.0,0.0,0.0
779,8476470.0,Nathan Beaulieu,D,ANA,31,0.0,0.0,0.0,0.0
780,8476779.0,Brad Hunt,D,COL,35,0.0,0.0,0.0,0.0
781,8476850.0,Ryan Murray,D,EDM,30,0.0,0.0,0.0,0.0
782,8476851.0,Alex Galchenyuk,C,COL,29,0.0,0.0,0.0,0.0
783,8476856.0,Matt Dumba,D,ARI,29,0.0,0.0,0.0,0.0
784,8476884.0,Derrick Pouliot,D,SJS,29,5.0,0.0,0.0,0.0
785,8476915.0,Jujhar Khaira,L,MIN,29,1.0,0.0,0.0,0.0
786,8476941.0,Connor Carrick,D,BOS,29,0.0,0.0,0.0,0.0
787,8476948.0,Charles Hudon,L,COL,29,0.0,0.0,0.0,0.0
788,8477126.0,Jayson Megna,C,ANA,33,1.0,0.0,0.0,0.0
789,8477210.0,Buddy Robinson,R,CHI,32,0.0,0.0,0.0,0.0
790,8477320.0,Anton Blidh,L,NYR,28,1.0,0.0,0.0,0.0
791,8477341.0,Andreas Johnsson,L,SJS,29,0.0,0.0,0.0,0.0
792,8477357.0,Saku Maenalanen,R,WPG,29,0.0,0.0,0.0,0.0
793,8477359.0,Tucker Poolman,D,VAN,30,0.0,0.0,0.0,0.0
794,8477401.0,John Hayden,C,SEA,28,2.0,0.0,0.0,0.0
795,8477433.0,Ben Harpur,D,NYR,28,0.0,0.0,0.0,0.0
796,8477460.0,Laurent Dauphin,C,ARI,28,0.0,0.0,0.0,0.0
797,8477462.0,Robert Hagg,D,ANA,28,5.0,0.0,0.0,0.0
798,8477463.0,Steven Santini,D,STL,28,0.0,0.0,0.0,0.0
799,8477467.0,Gustav Olofsson,D,SEA,29,1.0,0.0,0.0,0.0
800,8477471.0,Dillon Heatherington,D,OTT,28,0.0,0.0,0.0,0.0
801,8477482.0,Zach Sanford,L,CHI,29,0.0,0.0,0.0,0.0
802,8477520.0,Jean-Sebastien Dea,C,ARI,29,0.0,0.0,0.0,0.0
803,8477941.0,Nick Ritchie,L,CGY,28,0.0,0.0,0.0,0.0
804,8477981.0,Roland McKeown,D,NSH,27,0.0,0.0,0.0,0.0
805,8477993.0,Justin Kirkland,C,ARI,27,2.0,0.0,0.0,0.0
806,8478058.0,CJ Suess,L,SJS,29,0.0,0.0,0.0,0.0
807,8478062.0,Dysin Mayo,D,ARI,27,0.0,0.0,0.0,0.0
808,8478067.0,Oskar Lindblom,L,SJS,27,1.0,0.0,0.0,0.0
809,8478075.0,Anders Bjork,L,CHI,27,0.0,0.0,0.0,0.0
810,8478131.0,Ondrej Kase,R,CAR,28,0.0,0.0,0.0,0.0
811,8478147.0,Bokondji Imama,L,ARI,27,6.0,0.0,0.0,0.0
812,8478173.0,Hayden Hodgson,R,PHI,27,0.0,0.0,0.0,0.0
813,8478224.0,Luke Philp,C,CHI,28,0.0,0.0,0.0,0.0
814,8478367.0,Cole Bardreau,C,NYI,30,0.0,0.0,0.0,0.0
815,8478373.0,Nikita Soshnikov,R,NYI,30,0.0,0.0,0.0,0.0
816,8478400.0,Colin White,C,PIT,26,28.0,0.0,0.0,0.0
817,8478415.0,Jakub Zboril,D,BOS,26,0.0,0.0,0.0,0.0
818,8478431.0,Evgeny Svechnikov,L,SJS,27,0.0,0.0,0.0,0.0
819,8478446.0,Glenn Gawdin,C,ANA,26,1.0,0.0,0.0,0.0
820,8478455.0,Austin Wagner,L,CHI,26,0.0,0.0,0.0,0.0
821,8478465.0,Guillaume Brisebois,D,VAN,26,0.0,0.0,0.0,0.0
822,8478476.0,Kyle Capobianco,D,WPG,26,0.0,0.0,0.0,0.0
823,8478483.0,Mitchell Marner,R,TOR,26,0.0,0.0,0.0,0.0
824,8478491.0,Jacob Larsson,D,OTT,26,0.0,0.0,0.0,0.0
825,8478506.0,Gabriel Carlsson,D,WSH,26,0.0,0.0,0.0,0.0
826,8478841.0,Colton White,D,ANA,26,0.0,0.0,0.0,0.0
827,8478843.0,Denis Malgin,C,COL,26,0.0,0.0,0.0,0.0
828,8478846.0,Christian Wolanin,D,VAN,28,0.0,0.0,0.0,0.0
829,8478870.0,Rudolfs Balcers,L,TBL,26,0.0,0.0,0.0,0.0
830,8478881.0,Brett Seney,L,CHI,27,4.0,0.0,0.0,0.0
831,8478967.0,Lane Pederson,C,CBJ,26,0.0,0.0,0.0,0.0
832,8479026.0,Philippe Myers,D,TBL,26,5.0,0.0,0.0,0.0
833,8479252.0,Dan Renouf,D,BOS,29,0.0,0.0,0.0,0.0
834,8479304.0,Kyle Criscuolo,C,SJS,31,0.0,0.0,0.0,0.0
835,8479322.0,Wade Allison,R,PHI,26,0.0,0.0,0.0,0.0
836,8479329.0,Frederic Allard,D,MTL,26,0.0,0.0,0.0,0.0
837,8479333.0,Libor Hajek,D,NYR,25,0.0,0.0,0.0,0.0
838,8479335.0,Rasmus Asplund,C,NSH,26,0.0,0.0,0.0,0.0
839,8479338.0,Markus Niemelainen,D,EDM,25,0.0,0.0,0.0,0.0
840,8479347.0,Tyler Benson,L,EDM,25,0.0,0.0,0.0,0.0
841,8479356.0,Kieffer Bellows,L,PHI,25,0.0,0.0,0.0,0.0
842,8479366.0,Logan Brown,C,STL,25,0.0,0.0,0.0,0.0
843,8479375.0,William Bitten,C,STL,25,0.0,0.0,0.0,0.0
844,8479376.0,Victor Mete,D,PHI,25,1.0,0.0,0.0,0.0
845,8479388.0,Riley Stillman,D,BUF,25,0.0,0.0,0.0,0.0
846,8479395.0,Dennis Cholowski,D,NYI,25,0.0,0.0,0.0,0.0
847,8479404.0,Henrik Borgstrom,C,WSH,26,0.0,0.0,0.0,0.0
848,8479465.0,Drake Caggiula,L,PIT,29,0.0,0.0,0.0,0.0
849,8479514.0,Rem Pitlick,C,CHI,26,9.0,0.0,0.0,0.0
850,8479518.0,Fredrik Karlström,C,DAL,25,0.0,0.0,0.0,0.0
851,8479523.0,Lucas Carlsson,D,FLA,26,0.0,0.0,0.0,0.0
852,8479526.0,Otto Koivula,L,NYI,25,0.0,0.0,0.0,0.0
853,8479533.0,Joona Koppanen,L,PIT,25,4.0,0.0,0.0,0.0
854,8479550.0,Tanner Laczynski,C,PHI,26,0.0,0.0,0.0,0.0
855,8479573.0,Mikhail Maltsev,L,COL,25,0.0,0.0,0.0,0.0
856,8479578.0,Casey Fitzgerald,D,FLA,26,0.0,0.0,0.0,0.0
857,8479580.0,Dylan Gambrell,C,OTT,27,0.0,0.0,0.0,0.0
858,8479602.0,Jeremy Davies,D,BUF,27,0.0,0.0,0.0,0.0
859,8479639.0,Dylan Coghlan,D,CAR,25,1.0,0.0,0.0,0.0
860,8479644.0,Matt Luff,R,DET,26,0.0,0.0,0.0,0.0
861,8479705.0,Jeffrey Viel,L,SJS,26,0.0,0.0,0.0,0.0
862,8479944.0,Zach Aston-Reese,C,DET,29,3.0,0.0,0.0,0.0
863,8479945.0,Gavin Bayreuther,D,CBJ,29,0.0,0.0,0.0,0.0
864,8479985.0,Cale Fleury,D,SEA,25,1.0,0.0,0.0,0.0
865,8479991.0,Jake Leschyshyn,C,NYR,24,1.0,0.0,0.0,0.0
866,8480032.0,Shane Bowers,C,NJD,24,8.0,0.0,0.0,0.0
867,8480034.0,Joel Teasdale,L,MTL,24,0.0,0.0,0.0,0.0
868,8480037.0,Aleksi Heponiemi,C,FLA,24,0.0,0.0,0.0,0.0
869,8480041.0,Dmitri Samorukov,D,STL,24,0.0,0.0,0.0,0.0
870,8480056.0,Jack Rathbone,D,VAN,24,0.0,0.0,0.0,0.0
871,8480071.0,Robin Salo,D,NYI,25,0.0,0.0,0.0,0.0
872,8480072.0,Lias Andersson,C,LAK,25,0.0,0.0,0.0,0.0
873,8480160.0,Radim Simek,D,SJS,31,0.0,0.0,0.0,0.0
874,8480216.0,Jacob Peterson,C,SJS,24,6.0,0.0,0.0,0.0
875,8480226.0,Marián Studenic,R,SEA,25,2.0,0.0,0.0,0.0
876,8480242.0,Arnaud Durandeau,L,NYI,24,0.0,0.0,0.0,0.0
877,8480267.0,Sammy Walker,C,MIN,24,4.0,0.0,0.0,0.0
878,8480275.0,Nick Swaney,R,MIN,26,0.0,0.0,0.0,0.0
879,8480326.0,Sheldon Dries,C,VAN,29,0.0,0.0,0.0,0.0
880,8480328.0,David Gust,R,CHI,29,0.0,0.0,0.0,0.0
881,8480439.0,Mac Hollowell,D,TOR,25,0.0,0.0,0.0,0.0
882,8480443.0,Kristian Reichel,C,WPG,25,0.0,0.0,0.0,0.0
883,8480467.0,Austin Strand,D,ANA,26,0.0,0.0,0.0,0.0
884,8480820.0,Filip Kral,D,TOR,24,0.0,0.0,0.0,0.0
885,8480822.0,Martin Kaut,R,SJS,24,0.0,0.0,0.0,0.0
886,8480831.0,Alec Regula,D,CHI,23,0.0,0.0,0.0,0.0
887,8480833.0,Vitali Kravtsov,R,VAN,24,0.0,0.0,0.0,0.0
888,8480842.0,Filip Hallander,C,PIT,23,0.0,0.0,0.0,0.0
889,8480844.0,Grigori Denisenko,L,VGK,23,6.0,0.0,0.0,0.0
890,8480846.0,Sampo Ranta,L,COL,23,0.0,0.0,0.0,0.0
891,8480863.0,Gabriel Fortier,L,TBL,23,0.0,0.0,0.0,0.0
892,8480883.0,Ty Smith,D,PIT,23,0.0,0.0,0.0,0.0
893,8480901.0,Karson Kuhlman,C,WPG,28,0.0,0.0,0.0,0.0
894,8480913.0,Jordan Gross,D,NSH,28,0.0,0.0,0.0,0.0
895,8480935.0,Lawrence Pilut,D,BUF,28,0.0,0.0,0.0,0.0
896,8480977.0,Semyon Der-Arguchintsev,C,TOR,23,0.0,0.0,0.0,0.0
897,8480979.0,Nathan Smith,C,ARI,25,0.0,0.0,0.0,0.0
898,8480994.0,Damien Giroux,C,MIN,23,0.0,0.0,0.0,0.0
899,8481070.0,Hugh McGing,L,STL,25,5.0,0.0,0.0,0.0
900,8481072.0,Tim Berni,D,CBJ,23,0.0,0.0,0.0,0.0
901,8481102.0,Egor Sokolov,L,OTT,23,0.0,0.0,0.0,0.0
902,8481433.0,Taro Hirose,L,DET,27,0.0,0.0,0.0,0.0
903,8481441.0,Joe Snively,C,WSH,27,3.0,0.0,0.0,0.0
904,8481461.0,Corey Schueneman,D,MTL,28,0.0,0.0,0.0,0.0
905,8481563.0,Drew Helleson,D,ANA,22,0.0,0.0,0.0,0.0
906,8481572.0,Ville Heinola,D,WPG,22,0.0,0.0,0.0,0.0
907,8481575.0,Lassi Thomson,D,OTT,23,0.0,0.0,0.0,0.0
908,8481585.0,Egor Afanasyev,L,NSH,22,2.0,0.0,0.0,0.0
909,8481591.0,Sam Poulin,R,PIT,22,3.0,0.0,0.0,0.0
910,8481599.0,Victor Soderstrom,D,ARI,22,3.0,0.0,0.0,0.0
911,8481600.0,Tobias Bjornfot,D,VGK,22,4.0,0.0,0.0,0.0
912,8481649.0,Joona Luoto,L,CBJ,26,0.0,0.0,0.0,0.0
913,8481679.0,Maxence Guenette,D,OTT,22,7.0,0.0,0.0,0.0
914,8481683.0,Aidan McDonough,L,VAN,24,0.0,0.0,0.0,0.0
915,8481690.0,Tyler Angle,C,CBJ,23,2.0,0.0,0.0,0.0
916,8481712.0,Matej Blumel,R,DAL,23,0.0,0.0,0.0,0.0
917,8481720.0,Nick Abruzzese,C,TOR,24,0.0,0.0,0.0,0.0
918,8481725.0,Elmer Soderblom,L,DET,22,0.0,0.0,0.0,0.0
919,8481740.0,Tyce Thompson,R,NJD,24,0.0,0.0,0.0,0.0
920,8482067.0,Connor Mackey,D,NYR,27,1.0,0.0,0.0,0.0
921,8482081.0,Sean Farrell,C,MTL,22,0.0,0.0,0.0,0.0
922,8482179.0,Justin Richards,C,CBJ,25,0.0,0.0,0.0,0.0
923,8482181.0,Tristen Robins,C,SJS,22,0.0,0.0,0.0,0.0
924,8482197.0,Adam Raska,R,MIN,22,5.0,0.0,0.0,0.0
925,8482207.0,William Dufour,R,NYI,21,0.0,0.0,0.0,0.0
926,8482250.0,Callahan Burke,C,CAR,26,1.0,0.0,0.0,0.0
927,8482399.0,Billy Sweezey,D,CBJ,27,0.0,0.0,0.0,0.0
928,8482448.0,Samuel Knazko,D,CBJ,21,0.0,0.0,0.0,0.0
929,8482452.0,Elliot Desnoyers,L,PHI,21,0.0,0.0,0.0,0.0
930,8482623.0,Josh Dunne,C,CBJ,25,0.0,0.0,0.0,0.0
931,8482634.0,Alex Steeves,C,TOR,24,1.0,0.0,0.0,0.0
932,8482635.0,Mike Hardman,L,CHI,24,0.0,0.0,0.0,0.0
933,8482641.0,Matt Kiersted,D,FLA,25,0.0,0.0,0.0,0.0
934,8482654.0,Jackson Cates,C,PHI,26,0.0,0.0,0.0,0.0
935,8482691.0,Aatu Raty,C,VAN,21,0.0,0.0,0.0,0.0
936,8482711.0,Stanislav Svozil,D,CBJ,20,0.0,0.0,0.0,0.0
937,8482712.0,Oskar Olausson,R,COL,21,1.0,0.0,0.0,0.0
938,8482824.0,Nick Cicek,D,SJS,23,0.0,0.0,0.0,0.0
939,8482834.0,Jesper Froden,R,SEA,29,0.0,0.0,0.0,0.0
940,8482861.0,Vincent Iorio,D,WSH,21,6.0,0.0,0.0,0.0
941,8483424.0,Owen Beck,C,MTL,19,0.0,0.0,0.0,0.0
942,8483464.0,Marco Kasper,C,DET,19,0.0,0.0,0.0,0.0
943,8483549.0,Lucas Condotta,L,MTL,26,3.0,0.0,0.0,0.0
944,8483619.0,Filip Roos,D,CHI,24,4.0,0.0,0.0,0.0
945,8483620.0,Marcus Bjork,D,CBJ,26,0.0,0.0,0.0,0.0
946,8483630.0,Pavol Regenda,L,ANA,24,5.0,0.0,0.0,0.0
947,8483641.0,Anton Levtchi,L,FLA,28,0.0,0.0,0.0,0.0
948,8484125.0,Hunter McKown,C,CBJ,21,0.0,0.0,0.0,0.0
949,8484254.0,Akito Hirose,D,VAN,24,3.0,0.0,0.0,0.0
950,8484256.0,Jake Livingstone,D,NSH,24,0.0,0.0,0.0,0.0
951,8484287.0,Cole McWard,D,VAN,22,1.0,0.0,0.0,0.0
